"","LINKS","TITULO","DURACION","c..86800....9e.06....1100000....94100....115700....6900000..."
"1","http://www.xvideos.com/video43770307/busty_latina_suspect_gets_fucked_by_a_nasty_lp_officer","Busty latina suspect gets fucked by a nasty LP officer","6 mins","86800"
"2","http://www.xvideos.com/video33770919/ultra_hot_and_busty_secretary_in_glasses_rides_a_hard_dick","Ultra Hot & Busty Secretary in Glasses Rides a Hard Dick","21 mins","9e+06"
"3","http://www.xvideos.com/video43217731/schoolgirl_cumming_on_her_boyfriend_lap","Schoolgirl Cumming on her Boyfriend lap","13 mins","1100000"
"4","http://www.xvideos.com/video43848135/deepthroat_wild_cum_face","Deepthroat wild cum  face","10 mins","94100"
"5","http://www.xvideos.com/video43858513/nympho_evelin_stone_stretched_out_by_a_thick_dick","NYMPHO Evelin Stone stretched out by a thick dick","12 mins","115700"
"6","http://www.xvideos.com/video25853809/old_granny_fucks_the_young_mechanic_-_lusty_grandmas","Old granny fucks the young mechanic - Lusty Grandmas","6 mins","6900000"
"7","http://www.xvideos.com/video37079701/pawg_lexxxi_lockhart_takes_big_black_cock_in_her_ass","PAWG Lexxxi Lockhart Takes Big Black Cock in Her Ass","5 mins","1400000"
"8","http://www.xvideos.com/video44093085/me_dio_prueba_de_amor_por_el_culo","Me dió prueba de amor por el culo","10 mins","417500"
"9","http://www.xvideos.com/video44076047/naughty_schoolgirl_gets_her_tight_ass_fucked_hard_facial_cumshot","Naughty schoolgirl gets her tight ass fucked hard, facial cumshot","15 mins","271000"
"10","http://www.xvideos.com/video44000521/skinny_teen_with_nice_tiny_butt","Skinny teen with nice tiny butt","4 mins","49500"
"11","http://www.xvideos.com/video41672089/black_african_voodoo_witch_anal_fucking_and_squirting_like_a_whore","Black African Voodoo Witch anal fucking and squirting like a whore","30 mins","533400"
"12","http://www.xvideos.com/video44033763/THUMBNUM/companera_mujer_mamada_guapa","companera mujer mamada guapa","37 mins","7900"
"13","http://www.xvideos.com/video32337573/busty_natural_is_bewitched_and_forced_to_make_scissors_-_sexandperversion.com","Busty natural is bewitched and forced to make scissors - SexAndPerversion.com","6 mins","560900"
"14","http://www.xvideos.com/video43920183/trio_con_ceci_y_nancy_que_juegan_a_castigarme","Trio con Ceci y Nancy que juegan a castigarme","23 mins","140200"
"15","http://www.xvideos.com/video23678022/brunette_with_big_tits_gives_a_handjob","Brunette with big tits gives a handjob","9 mins","4500000"
"16","http://www.xvideos.com/video39729589/caught_on_cctv_wife_sucks_off_cop_to_get_her_husband_off","Caught on CCTV! Wife sucks off cop to get her husband off","5 mins","294900"
"17","http://www.xvideos.com/video16349771/valentina_te_muestra_trucos_para_masturbarte","Valentina te muestra trucos para masturbarte","24 mins","620900"
"18","http://www.xvideos.com/video23633840/latina_babe_doggystyle","Latina Babe Doggystyle","5 mins","43000"
"19","http://www.xvideos.com/video28423925/teen_amateur_homemade_lesbians","Teen Amateur Homemade Lesbians","12 mins","349500"
"20","http://www.xvideos.com/video6055726/school_gf_zoey_screwing","School GF Zoey Screwing","5 mins","291000"
"21","http://www.xvideos.com/video42116319/sicilian_wives_whores_ugly_and_fat_betray_husbands","Sicilian wives, whores, ugly and fat betray husbands","16 mins","153100"
"22","http://www.xvideos.com/video33948057/busty_babe_fucked_by_dildo_machine_close_up","Busty babe fucked by dildo machine close up","10 mins","375600"
"23","http://www.xvideos.com/video44106201/darlin_davne._culiando_chupando_y_masturbandome_como_la_putita_que_soy.","Darlin Davne. Culiando, chupando y masturbandome como la putita que soy.","24 mins","3200"
"24","http://www.xvideos.com/video43321159/big_booty_latina_goddess_luscious_lopez_anally_plowed_by_bbc","Big Booty Latina Goddess Luscious Lopez Anally Plowed by BBC","8 mins","23600"
"25","http://www.xvideos.com/video40013459/THUMBNUM/abella_danger_nude_expose","Abella Danger nude expose","8 mins","10400"
"26","http://www.xvideos.com/video44097647/asian_stunner_begs_him_to_stop.._multiple_squirts_all_over_hotel_room_real_amateur_oil_massage_in_singapore_","Asian STUNNER begs him to STOP.. multiple SQUIRTS all over hotel room! Real amateur oil massage (in SINGAPORE)","55 mins","149600"
"27","http://www.xvideos.com/video10995124/hard_anal_casting_pretty_black_slut_in_stocking_facialized","Hard anal casting pretty black slut in stocking facialized","34 mins","2400000"
