"","TITLE","VIEWS","LIKES","DISLIKES","COMMENTS"
"1","SNATCHING AWAY MY SISTERs BF 8 mins  720p",73953,140,65,1
"2","Lauren is placed on kitchen sink and banged by horny stepbrother 6 mins  720p",314478,947,369,11
"3","RoccoSiffredi Euro Teens Ass Fucked by Big Cock 7 mins  720p",2677313,2700,707,15
"4","MAX FELICITAS SCOPA FORTISSIMO SILVIA RUBI SBORRANDOLE IN GOLA COME UN IDRANTE 10 min  720p",146061,115,178,1
"5","petite teen fucked 21 min ",96774,150,46,2
"6","Female Bodybuilder Lisa Cross Plays with her Fucking Big Clit 4 mins  720p",1586291,1100,497,25
"7","Perfect Body Milf Gets Fucked With A Finger Up Her Ass 10 min  720p",7788,10,4,1
"8","CARNAVAL SEXO NO SALAO 2006 17 min ",132675,361,107,2
"9","VAGINA DESSA BRANQUINHA SAPECA 13 mins  720p",38545,136,24,2
"10","Giving the D to a big tits and ass girl! 10 mins  720p",739812,790,287,11
"11","2226582 12 mins ",1556180,2200,468,38
"12","Nerdy teen Casey Calvert went her classmate Vienna Black and didnt expect to start a 3some session with Vienna and her stepbro Justin Hunt. 6 min  720p",2919,1,4,0
"13","DANNA HOT SODOMIZADA CON UN JUGUETE DE DOS CABEZAS 11 min  1080p",46935,80,42,5
"14","Matador #1 87 mins ",233298,460,111,4
"15","These girls don't know that you spy on them! 15 min  1080p",72453,123,42,0
"16","Pigtails Daughter With BigTits Loves Daddy 12 min  720p",1535492,1100,253,10
"17","BBW Sydney Screams fucked by Petite Dyke Alexis Rain 52 min ",202301,551,128,2
"18","Reality show of the most famous latinas porn producer - Cristian Cipriani 14 mins  1080p",22690,28,16,0
"19","Gisele Prado - Tropical Asses on Fire 26 mins ",195346,281,95,2
"20","mi nena victoria 13 min  720p",14217,40,9,3
"21","Jeanna Fox & Peter North 15 mins ",239858,232,52,2
"22","Annabelle Flowers Vintage Lingerie Role-play 19 min ",1417445,1600,294,10
"23","Sister Agrees To Strip For Bro 14 min ",45212,26,8,1
"24","Susana de la Rosa Lomeli 16 min ",577,1,0,0
"25","Venezolana Masturbandose en Skye parte #2 By: GuapoHot 5 min ",7910,4,0,0
"26","garganta profunda 70 10 min ",2862,9,2,0
"27","Rubia tetona cogiendo como diosa 12 mins  720p",461061,1500,421,11
"28","Screw the Cops - Latina bad girl gives a cop a blowjob 6 min  1080p",1526209,5100,1100,47
"29","<U+2764><U+FE0F> Catalina la ex de mi hermano por fin se decide a darme el culo apretado y virgen. www.familysex.party 10 min ",331811,458,253,6
"30","PropertySex - Her big natural tits impress potential client 10 min  720p",6061565,9900,1900,44
"31","Latina Gina Valentina servicing cock with besties 8 min  1080p",567670,1700,571,6
"32","Real HOMESEX beatifull tits 18yo - I met her on XGETLAID.COM 11 min  720p",20877,28,12,1
"33","Busty Latina Venus Afrodita pov sex with stud Nacho Vidal 6 min  720p",126718,408,96,2
"34","xvideos.com 2b45478384f75ff4393ba078e92c7d7c 16 min ",807023,1200,430,15
"35","camil y su marido de brunoymaria se emborrachan y se follan a un chico 37 mins  720p",6005974,3700,1700,31
"36","Me cojo a mi prima en su cuarto 6 mins ",193984,503,110,4
"37","Conversation Turns Into Hard Banging! 24 min  1080p",182302,460,116,2
"38","Kendra Lust, des seins énormes et une bouche d'enfer 15 min  1080p",10286,61,6,1
"39","Rocco Siffredi's Cock Shared by Horny Hungarian Millennials 7 min  1080p",121050,139,40,5
"40","Pussy fingering til wet - Free registration www.freelovecam.tk 9 mins ",188391,359,27,3
"41","Cuban Angelina Castro! Foursome Blowjob and 6 huge TITS! 11 mins  1080p",592817,684,183,11
"42","Shyla Stylez take a big dick inside her pussy after she blow it hard 25 min  720p",44671,90,25,0
"43","Nekane Fingers Arwen Gold's Asshole 6 mins  720p",208284,245,56,3
"44","Eromanga Sensei ova completo subtitulado al español latinoamericano 23 mins  720p",5278,10,3,1
"45","I went for a massage and I finish masturbation naked the miss of the massages 10 min  1080p",62884,65,48,1
"46","300MIUM-343 sample matome 1 min 18 sec  1080p",1193084,934,556,2
"47","Me la tiro en el baño de su casa 41 secs  720p",56926,67,21,3
"48","Watch you wife riding a huge male pornstar cock 10 mins  720p",371813,233,111,2
"49","AMIGA VIRGEN JEJEJE 15 min ",NA,1400,599,19
"50","Mia Khalifa sensualizando na biblitoteca 6 min  720p",2,0,0,0
"51","Hot Webcam Girl Fingering - Free Live Sex Cams on Live99Cams.com 9 min  720p",345105,566,78,11
"52","Small norwegian amateur Lolita get stuffed heavy in cooch deep after giving joyful head 25 min  1080p",34790,66,14,2
"53","I fuck a milf of big buttocks 18 min  720p",21071,40,13,1
"54","Se mueve rico en mi verga 68 secs ",2546,4,1,0
"55","Cuckold Milf Wife Gangbanged Until Gets Cum All Over Her 6 mins ",617634,1000,305,14
"56","Getting super naughty on the airplane 12 min  720p",2535804,5000,1800,90
"57","Hermosa gordita culona con vestidito naranja 18 mins ",NA,1000,595,12
"58","Follando, con mis padres en casa. 5 min ",751173,1800,417,26
"59","Lesbian sister asks please help her to be a mother 10 min  1080p",670449,1400,536,17
"60","mis hijtastras son unas putas, me las follo 10 min  720p",715366,2000,520,28
"61","BANGBROS - Ebony Maid Arianna Knight Has An Incredible Body 12 mins  1080p",2433420,4800,1100,13
"62","babe in blue pantyhose with big pussy 15 mins ",NA,60,18,0
"63","emo gf stretched by huge cock 3 min ",161593,232,68,6
"64","Fake Hostel Spanish couple cuckold girlfriend has squirt orgasm 13 mins  1080p",143216,512,110,5
"65","Follame antes de irte 8 mins ",112388,88,24,0
"66","Brook Starr - Magic Hands Pt 2 2 min ",474958,757,116,14
"67","Alexis Rodriguez Riding by Pool 9 min ",518299,793,176,4
"68","PHILAVISE-Two dudes from Philly invite over pornstar Abby lee Brazil 9 min  1080p",78651,241,78,1
"69","Big ass teen hot sexy girl big tits short skirt without panties Snickers baby 12 min  1080p",159370,245,58,1
"70","Conan Exiles Part 1 45 mins  1080p",310258,292,180,6
"71","Beautiful blonde analized 6 min  720p",27397,22,5,0
"72","Le dejo el culo lleno de leche a mi amiga 6 mins  720p",9056,13,4,0
"73","Jazzy, Milf Facial 5 mins  720p",7106,9,2,0
"74","ProducersFun-Super sexy Dolly Leigh interviewed while being fucked by Mr. Producer in ""A Fucking Conversation"" 6 min  720p",313913,567,114,5
"75","Darth Vader fucking with hot teen girl in public 21 mins  720p",272156,123,25,1
"76","Banging my buddy's sleeping drunk sister 12 min ",1242345,1400,548,14
"77","Schlong sucking teenager 8 mins  720p",1291,3,2,0
"78","BANGBROS - Young Latina Serena Santos Rides Tony Rubino On The Bang Bus! 3 min  720p",100568,192,47,1
"79","white teen filmed herself while taking a big black dick 13 mins  720p",20735,22,11,1
"80","mira que jovencita y mojada que estoy, me meto de todo para vos ;) 3 mins  720p",12707,63,1,16
"81","LETSDOEIT - German Wife Seduced and Fucked by the Doctor 10 mins  1080p",15161,10,11,0
"82","Lo que encuentro en whatsapp 02! 5 mins ",549874,1000,388,7
"83","Horny Boy Fucked his Stepmom 16 mins  720p",3101530,5100,2300,33
"84","Ninfeta Carolina Sweets fudendo gostoso com negro dotadão! 9 mins  720p",172728,460,116,7
"85","LA TÁCTICA DEL HETEROGAY 14 mins  720p",NA,2000,1000,19
"86","Mi sobrina de culo grande me pide que la follen a todas horas (PARTE 2) 10 min  720p",246930,693,136,22
"87","ANNA BELL PEAKS, KLEIO VALENTIEN & HARLOW HARRISON THIS TATTED TRIO GETS SLOPPY 78 secs  720p",1726160,3400,387,20
"88","singando  una haitiana en Bavaro R.D 11 mins ",26142,23,25,0
"89","Asian Woman Dribbles Semen After Anal Intercourse 10 min  1080p",5414229,4900,1900,35
"90","Cheating on Girlfriend with College Teen at Party 15 min  1080p",383987,1100,294,5
"91","DadCrush - Sexy Sisters Fucked By Stepdad 12 mins  720p",5060776,9200,1900,25
"92","Step Mom And Sis Catch Him Looking At Porn! S8:E8 11 mins  720p",718195,1900,713,7
"93","sexo con un chico latino, lo provoco hasta que destruyó mi culo y se corre en él con su enorme misil negro 15 min  720p",487357,1300,599,22
"94","Blonde fucked by a security guard at the back office 6 mins  720p",35810,42,36,1
"95","teen has hard time sucking huge cock 7 min ",NA,309,57,2
"96","VIRTUAL SEX WITH DILLION HARPER | SEXPOV.COM 12 min ",1448840,2400,479,16
"97","follando con prima haciendo travesuras sin parar 5 min ",35665,55,18,1
"98","Azusa Tsukahara High-leg swimsuit blue legs-fetish image video solo 8 min ",1320798,1300,512,8
"99","Busty Alison Tyler Ditches Dorky Date to Fuck Alex Legend! 11 mins  1080p",1200688,2300,693,13
"100","Esposa cogiendo con amante 06/16 36 secs  720p",154105,57,54,3
"101","Japanese femdom give handjob and cunnilingus to slave for cash. 4 min ",992339,414,254,1
"102","¿Bus escolar, o polvera móvil? 1 h 45 mins ",2104887,3900,1100,13
"103","Milf Shakes and Twerks Ass On Cam 13 mins  1080p",85570,244,34,22
"104","www.legendarycams.tk - Teen gets her pussy fucked 5 mins ",4119,6,3,0
"105","NO LLEGO MI MARIDO Y ESTOY ABRIENDO  EL CULO CON UN BATE BIEN ADENTRO , PARA UN AMIGO POR WEB CAM 3 min  1080p",133162,105,49,2
"106","Sissy Popper Hypno by Drogon Creator of Sissy World 6 mins  720p",3015,10,2,0
"107","Grandma changes flat tire and bends over for some young cock 4 mins  720p",32573,47,31,0
"108","Canadian MILF Linda loves anal 37 secs  1080p",53288,31,15,2
"109","Follando con un amiguito en casa mientras su novio no esta GUI0032 25 min  720p",1168853,2300,750,6
"110","hot young girls 6 min ",51865,118,35,0
"111","Hipster Girl give me a blowjob 6 min ",243072,932,179,8
"112","Squirt compilation and blowjob 24 mins  1080p",735308,1400,462,9
"113","Stepmother and her daughter enjoy their therapy  FULL VIDEO HD  ONLIN E  http://dapalan.com/NsCo 8 mins  720p",143484,237,84,5
"114","Mom helping son 34 mins  720p",NA,535,145,0
"115","culo penetrado por el agujero 5 mins  720p",241510,397,296,11
"116","Tetona colombiana folla delicioso 25 secs ",1641757,1000,314,7
"117","madrasta besando sexo caliente hermosa 5 min  720p",14932,30,22,0
"118","Spizoo - Cuban hottie Valerie Kay is punished by a huge cock, big booty and big boobs 11 mins  1080p",131075,583,78,3
"119","Virgo Peridot Fucks two Big Black Dicks 11 mins  1080p",233824,552,155,8
"120","Redhead teen tries anal, pleasantly and painfully at the same time 12 min  1080p",214860,417,116,3
"121","Caliente Esposa  infiel - www.putaslocas.net 13 mins ",NA,423,196,2
"122","Sophie Petite amateur mexicana caliente escurriendo en sus jugos antes de cojer pide leche encima y no fue suficiente se la vuelve a meter 15 mins  720p",163842,615,137,6
"123","what happened to this nerdy milf? has grown excessively and ... 10 mins  1080p",49887,40,64,3
"124","Family secret TABOO Comix 11 mins  1080p",195650,319,130,7
"125","Big tit tailor pounded by clients big dick 7 mins  720p",9361,13,6,0
"126","Adicta al sexo, se vuelve loca cuando la doble penetran y se corren en su culo 12 min  1080p",38408,72,41,2
"127","Me deja darle por delante y por detrás 8 min  720p",19609,23,30,0
"128","me follé a mi hijastra dormida 10 min  1080p",729535,1700,898,15
"129","Stepsister fucks stepbro for payback 11 mins  720p",290141,715,281,9
"130","Hot Ebony Teen Ass Fucked By Stepbro - Sarah Banks 13 min  1080p",108103,234,85,2
"131","Tetona follada por negro 32 min ",2223,5,1,0
"132","termina rapido en el sillon 2 min ",97040,238,55,1
"133","Irmão comendo a irmã na cama dela - www.seunude.com 7 mins ",7796922,11200,3600,41
"134","Michelle Taylor walks into the audition with a smile 13 min ",281909,318,67,3
"135","Karol Escort de monterrey mamando y comiendo lechita 45 secs ",11368,30,3,2
"136","Her pussy grips on my dick so nicely while she bounce 11 min  720p",471906,2500,315,28
"137","Latina Sex Tapes - (Victoria June) - Spanish Dirty Talking Stepmom - MOFOS 12 mins  720p",425822,1800,395,8
"138","Lauren and Scarlett are taken to office 6 min  720p",23070,44,17,0
"139","Anal Brazilian Teen - Perfect 28 mins ",1897792,4900,1500,71
"140","Polvo sabanero 2 xD 6 mins  720p",22413,47,20,0
"141","Touch my perky tits and fuck my virgin pussy sweet and innocent 18yo teen takes the old man cock in her mouth gives him a blowjob spreads her legs and gets deep penetrated then has a big cumshot in her mouth and swallows 10 mins  1080p",302707,496,310,4
"142","Se masturba mientras no hay nadie en casa 7 mins ",59820,213,33,3
"143","apply for my green card with sara jay nina kayy 28 mins  720p",326466,1000,236,3
"144","MYLF - Christiana Cinn Cheats And Sucks Cock 10 mins  720p",1268598,2200,745,6
"145","Sleeping school girl cousin gets fingered. It's a secret 10 mins  1080p",870379,1700,591,13
"146","Sácala que me cago 11 min  1080p",468975,800,318,10
"147","Universitaria pide lechita por su boquita 13 mins  1080p",770655,1100,390,14
"148","Brandi Love Cheating on Husband 12 mins  720p",NA,24,6,0
"149","Perfect Body Black Girl Orgasms Over and Over From Two Guys 12 min  1080p",718691,1800,384,26
"150","Wild sex in convent with nuns! 26 mins ",1526550,1400,565,7
"151","BANGBROS - Little Latina Alina Lopez Loves Big Black Cocks 11 min  1080p",31898,83,30,1
"152","REAL Bootys Getting Dicked 15 mins  720p",NA,49,18,0
"153","Svetlana Has a Hardcore Casting Couch Audition... 10 mins  720p",1044434,945,352,9
"154","First time Savanah attends a porn movie - as an actress 17 min  720p",504582,224,107,0
"155","Amateur babe masturbation - xamateurvip.com 14 min ",23079,22,8,0
"156","Axxxteca Amirah Adara gets double penetration from Mexican Cops Jack Escobar and Spiff 4 min  1080p",19407,41,14,2
"157","Hot brunette Anisyia loves anal games with sex toy 5 mins  1080p",107834,206,43,3
"158","Busty amateur drilled by dildo machine 10 min  720p",1108720,635,169,2
"159","Colegialas prepagos Neiva en Camara | BellasColegialas.info 3 mins  720p",507577,691,239,8
"160","VRBangers Angela White Takes a Big Dick between Her Big boobs 5 mins  1080p",16062,65,10,2
"161","Roadside - Stacy gives her mechanic a blowjob in public 10 min  720p",20337,47,13,2
"162","Cogiendo a señora madura amiga de mi tía mientras sus hijos están en la escuela 8 mins ",10457,24,8,0
"163","Sexo con mi mamá 7 mins ",56767,73,29,0
"164","Slave Girl skip school to Cum 14 mins  720p",981240,1700,579,19
"165","OPERACION LIMPIEZA - Colombian maid seduced and fucked hard by employer 8 mins  1080p",1361902,2300,1000,13
"166","I love hot sex with my daddy while mom is at work 10 mins  720p",846715,2100,857,32
"167","No hay nada más lindo que la familia unida 36 mins ",369510,860,529,2
"168","Rich granny squirt and deep throat with rasta milf 12 mins  1080p",335881,634,241,3
"169","Arisa Nakano throats the cock in advance to fuck hard 12 min  720p",1533866,2000,489,7
"170","very sexy pakistani american girl 23 min ",NA,3600,1500,33
"171","Big dildo ride. Down and up, imagining your hard cock in yummy pussy & fine ass...december 2018. Vanda 12 mins  1080p",593075,1600,363,25
"172","Madura gorda follando en el vestidor de la playa 6 mins ",31999,51,22,1
"173","Detention Teacher Katie71 14 min  1080p",239786,662,248,13
"174","Novata Carolina Carioca levando vara grande e DURA no cu 9 min  1080p",497977,1400,515,34
"175","Nacho Vidal and Penelope Cum 6 mins  720p",3287,3,5,0
"176","La conocen?? 5 mins ",1841,7,2,1
"177","Kenichi Capitulo 3 24 mins ",1355,3,2,0
"178","Jiu Jitsu Issues - Mixed Wreslting Humiliation 44 secs ",315064,114,117,1
"179","Kenichi Capitulo 5 24 mins ",1265,4,3,0
"180","Project011 6 mins  720p",2863,5,3,0
"181","Kinky Family - Fucking stepsis Scarlett Bloom before a party 8 min  1080p",39082,131,19,1
"182","Monica Santhiago Big Ass Brazilian Beauty 6 min  720p",792566,1500,498,11
"183","Anal introduction 5 mins  720p",2744,9,1,0
"184","La vecina 13 min  720p",157594,109,33,1
"185","Fetish orgy and extreme penetrations. 27 mins ",16565,23,9,1
"186","Alex Chance 3some 11 mins  720p",1451,0,0,0
"187","Teen Loves Deepthroat And Hardcore Sex 11 min  1080p",20771,33,9,2
"188","SWALLOWED Busty ebony babe Nia Nacci deepthroat blowjob 12 mins  1080p",29015,83,33,1
"189","Ebony BBW gets an Anal Creampie 37 mins  720p",923325,1700,538,24
"190","Polola ninfomana amazon chilena obliga a su pololo a comerle el poto y lamerle la vagina - Ver más videos : http://zo.ee/6C2dD 5 mins ",262293,613,174,11
"191","Amazing brunette natural bigtits fucking in public 17 min  720p",493390,344,69,5
"192","(I'm looking for friends to have some fun, visit my profile) 6 mins ",136719,131,43,0
"193","Tha Master's Abnormal Love Evelina Darlina 23 mins  1080p",226243,377,103,0
"194","HAVING FUN WITH MY HORNY NEIGHBOR.  REAL HIDDEN CAM   LIVE NOW : LULACAMZ.COM <U+2197><U+2197><U+2197> SUBSCRIBE TO MY XVIDEOS ACCOUNT 30 min  720p",68143,103,112,1
"195","Aquele metida no cu da branquinha gostosa 5 mins  720p",335327,1000,315,32
"196","Shy guy on his first massage with Kimmy Granger - Fantasy Massage 10 mins  720p",4115368,3600,1200,13
"197","Model in car for couple photoshoot 8 mins  720p",167071,345,138,4
"198","Elle est tellement excitée, sans aucun doute et pendant les rapports sexuels, il n'y a pas à se plaindre ... 30 mins  720p",58920,264,51,1
"199","Mature milf and Boy - 889cams.com 10 mins ",29627,63,14,0
"200","Banging Beauties Big Anal Booty Klara Gold 11 min  1080p",13896,67,9,0
"201","Disfrutando de las bolas de mi marido 30 min  720p",48002,68,37,0
"202","La secretaria se diò su gran aventura 10 mins  1080p",64411,135,66,2
"203","the hot model ever katherinesquirt22 chaturbate 35 min  720p",21612,61,10,0
"204","BRAZILIAN HOTWIFE - A ESPOSINHA MAIS SAFADA DO BRASIL 12 min  720p",24317,105,17,20
"205","La averia (Lara) - Brunette girl road for sex 30 min  720p",924961,1100,272,8
"206","Brett enjoys a day at the pool while foreplaying with other horny couples 6 mins  720p",NA,3,1,0
"207","morenaza guapa besando sexo caliente culona quiere follar 13 mins  720p",2849,6,3,0
"208","Fucking in the shower and I record everything with the mobile 10 min  720p",35842,52,21,3
"209","Asian Slut Opens Her Legs to Get a Toy and A Hammer One by One 6 min  1080p",288108,489,391,0
"210","Shaving stepsisters pussy leads to some serious complications 8 mins  720p",25422,49,17,1
"211","www.girls4cock.com/siswet19 is my FREE ChatRoom !! Extreme Anal is what i Like — Blonde Anal Dildoing On Cam 11 min ",16442,28,5,1
"212","Branquinha puta levando duas varas 6 mins ",14074,21,3,0
"213","Francesca Le big cock surprise 10 mins  1080p",42501,74,16,0
"214","La sobrina regreso con furia 3 mins  720p",95850,121,26,4
"215","Tirándose a una latina parte 2 21 min ",10058,36,9,0
"216","yutaM VR K HH2 3 VRkanojo illusion seijoui 6 min  720p",146405,172,63,0
"217","follada por su vecino 21 min  720p",511044,2100,557,21
"218","Jules Jordan - Brandi Love Provides An Insurance Policy For Dredd's BBC 12 mins  1080p",1669480,3200,1300,45
"219","Sexy jessie578o9 25 mins ",351842,1400,515,7
"220","horny teens playing 6 mins ",71338,56,54,0
"221","Follándome al Técnico de TV - que zorra soy! 21 min  720p",6029805,3800,1800,28
"222","New! Surprise Creampie for Sexy Blonde with Apple Bottom 13 mins  1080p",342192,616,106,6
"223","Jakeline Teen makes her own porn movie and gets rough sex 27 mins  1080p",69421,137,53,2
"224","4K Intense orgasm and masturbation 12 mins  1080p",307401,572,139,8
"225","Best technique to eat a pussy (educational, Jean-Marie Corda, how2fuck) 9 min  1080p",2356353,2900,631,18
"226","Bambi Black goes on top of stepbros tender juicy cock! 6 mins  720p",15402,38,13,0
"227","Premium Bukkake - Ginebra Bellucci swallows 94 huge mouthful cumshots 10 mins  1080p",522308,963,206,17
"228","xvideos.com dfb23fe46aa3e77f5cb0c7a066caf494 7 mins ",492946,324,57,10
"229","Bimbo madura cheia de tatuagens fodidas por um jovem 46 mins ",54292,63,44,2
"230","Porta Gloryhole Petite Teen sucking cock for the first time 3 mins  720p",1329874,1400,450,20
"231","18 years old shy teen does porn casting 6 min  720p",34767,64,14,1
"232","La Pepina Chilena grupo xxx Vip Whatsapp 64 sec ",20871,65,8,66
"233","Beautiful blond maid cries while cleaning closet and getting a rough ass fucking (Jessica Kay) 10 min  720p",383151,796,214,6
"234","Eu corno manso filmo minha esposa dando a buceta pra um estranho so puxando a calcinha de lado, real amador cornudo primeira parte 3 min  720p",732686,731,368,22
"235","dana barzagli con el novio 27 mins  720p",26645,122,18,2
"236","Disfruta de mi show - Saritha Brown modelo latina 10 min  1080p",6390,18,2,0
"237","American teenager fucks hard #2 HD-version 25 min  1080p",387867,380,163,3
"238","Brunette cutie Izi J. wants her tight ass fucked good 8 mins  1080p",3400,7,3,0
"239","Bebiendo lechita 23 secs ",793,5,0,1
"240","Ashley Adams and Vienna Black Scissoring 6 min  720p",2034,5,1,0
"241","Simone Peach Cream On a Black Dick cuntfind.com 21 min ",536980,558,126,6
"242","Cum dumped grandma sucks 6 mins  720p",1585,1,1,0
"243","big booty latina snapchat model gets fucked for fans 8 mins  1080p",19788,38,18,0
"244","BANGBROS - Hot Latina Maids Sheila Ortega and Kesha Ortegas Get Their Big Asses Fucked 11 min  1080p",646409,2400,438,9
"245","Caught My Teen Step Sister Masturbating In The Shower 13 min  720p",1467186,2700,1400,14
"246","Street thug bang his drunk mom 21 mins ",1005887,2100,637,25
"247","My Dirty Hobby - Sweetpinkpussy home sweet home 13 min  1080p",1860099,2600,452,10
"248","Hungarian slut squeezing big lactating tits 16 mins  720p",371049,758,190,4
"249","Black cock up my wife's ass - Black ass in my wife's mouth! 12 mins ",294647,518,195,12
"250","Gorgeous blonde amateur gets stuffed by a big dick 10 min ",760756,927,349,15
"251","follando a masajista :: nuevo video http://stratoplot.com/2VOz 29 mins  720p",130646,387,77,0
"252","Redhead April is convinced by horny stepbrother into taking his cock 6 min  720p",36899,87,38,0
"253","Orgia latina carnated 2017 23 mins ",268764,435,157,4
"254","Camila colegiala despertada para coger 10 mins ",450442,620,165,5
"255","disfrutando del culo de mi madrastra 10 mins  1080p",218415,546,259,7
"256","Joven sexy cogiendo (antiguo) 6 mins ",89037,353,74,6
"257","Stepson learning to fuck from behind doggystyle! 6 mins  720p",17039,23,12,0
"258","Sexy stripper Vyxen gets fucked in her tight ass 7 mins  1080p",145659,245,56,0
"259","Melanie Hicks rides on her boyfriends rock hard dick! 8 mins  720p",14964,25,12,0
"260","Abella Danger Gives Cute Bestie First Threesome! S29:E3 11 min  720p",220062,359,117,1
"261","CAUGHT! Black girl gets busted sucking off a cop during rally! 5 mins  720p",400615,659,258,4
"262","Son Mari la laisse se faire défoncer par un inconnu (full vidéo) 42 mins  720p",143642,389,87,4
"263","me encanta cabalgar 6 min  720p",49463,147,31,3
"264","Ultra Fit nympho Jasmine Jae Fucked In Interracial Training Session 32 min  1080p",1446829,2100,827,8
"265","chochita rica 5 mins ",6299,9,2,0
"266","mf300013-1-tube6 01 6 mins ",318132,197,97,4
"267","Las Vegas Stripper Served Hairy Latino Cock Ft. Black Lingerie Latina Ass 10 mins  1080p",56910,129,19,3
"268","Dog snuffling daughter 4 snuffs sniffing dick sommelier Asu edition 2 mins  720p",1080981,840,237,3
"269","Intense Passionate Sex with Mya brings her to orgasm 2 mins ",86755,140,79,1
"270","Stepdaughter pussy anal Pamper & Abuse 45 secs  720p",65531,142,50,1
"271","Quick creampie inside tight teen pussy POV 3 min  1080p",2260381,4700,958,73
"272","The Great  Vegas Orgy of 2018 10 mins  1080p",912109,1100,349,17
"273","Young fashion model chick gets fucked hard by a cop 6 mins  720p",46809,50,20,2
"274","ojitos azules y tetona aceitada 10 min ",112292,292,85,3
"275","Busty teen gets creampie 6 mins  720p",5989279,7100,3500,52
"276","FFM Blowjob - These Two Teens from Blacklaid.com Love Sharing My Dick :) - POV 11 mins  720p",296791,782,107,11
"277","Milf cops make Skinny D demolish their cunts deep and hard 5 mins  720p",13718,14,8,0
"278","Angry Wife's Revenge - Sandra Torres 13 min  720p",99195,449,74,2
"279","Mi amigo me manosea y me coge - Pareja32 13 mins  720p",179400,863,186,29
"280","KENDRA LUST FUCKS AND SWALLOWS MASSIVE LOAD 26 min  1080p",297980,1100,182,2
"281","Horny Teen Fucks Neighbor and Suck his Cock! 12 min  1080p",642837,1600,265,14
"282","CHAPARRITA EXHIBE SUS NALGOTAS 07 7 min ",95964,172,89,8
"283","TRANSFORMAMOS  A LA MUCAMA  EN PROSTITUTA  Y LA SEGUIMOS  COJIENDO  DURO  PARTE 2 13 mins  1080p",273941,497,331,11
"284","Wife caught masturbating by delivery guy 10 min  720p",42111,114,45,0
"285","Hidden camera in the public shower 15 min  1080p",366010,327,290,0
"286","Tenéis que ver cómo me follo el culo grande de mi mujer OUSET 10 min  720p",107582,281,64,38
"287","Venezolana flaca con enorme trasero 29 sec ",96629,113,27,14
"288","Step daughter fucked 15 min  720p",1362996,1600,748,10
"289","Mrs.masked squirts in mouth and gets creampied instagram @kaystormak47 Snapchat Therealverde.5 13 mins  720p",671138,1800,417,29
"290","Morena Gostosa Brincando com a Buceta 7 mins ",229864,740,158,16
"291","18yo Asian teen hottie moans loudly while getting fucked hard by sex tourist 14 mins  720p",87742,129,65,1
"292","Latina guapa se folla al plomero parte 3 14 mins ",8491,31,5,0
"293","Young Boy Penetrating A Wet Pussy! 24 min  1080p",196840,411,105,3
"294","Big Tit Cuban Angelina Castro Fingers Her Wet Pussy! 8 mins  1080p",637995,977,275,8
"295","video amateur 7 min ",52369,47,20,2
"296","College cutie pussypounded in threeway 7 mins  720p",33595,16,4,0
"297","Tania Alexandra 23 min ",20985,79,10,2
"298","anal rubia guapa cogiendo sexo casero hermosa 5 min  720p",459927,721,518,8
"299","Se la coje en el topless 5 mins ",1026538,2900,759,21
"300","Bro Fucks Stunning Sisters In Shocking Stepsibling Sex Triangle 7 mins  720p",471099,1700,400,11
"301","DADDY4K. Pasándola bien sobre la polla de su suegro 10 mins  720p",375043,963,365,5
"302","Una Mamada Para Concentrarse, mas en https://goo.gl/Qod7fE 6 mins  720p",652879,914,268,6
"303","Gorda visiosa 7 min ",20032,57,22,0
"304","COLLEGE RULES - Group Of Real Life Teenage Miscreants Going Wild and Crazy 12 mins  720p",300324,502,152,3
"305","Latina Garage Gangbang 2 mins  720p",182125,605,102,11
"306","Sexy latina fingering her self on the edge of bed 21 min  720p",209718,1100,196,7
"307","Blondes Mädchen nach dem shoppen hart gefickt!!! 10 mins  720p",570484,1300,289,5
"308","Viviana loves to get fucked 13 min ",NA,805,125,27
"309","Danica Collins Hot sexual massage - justdanica.com 9 mins ",1226144,1200,386,11
"310","Cogiendo a mi novia de prepa 4 min  720p",236557,636,113,10
"311","Dirty Amateur Vol 29 ""Full Movie"" 5 beautiful amateur scenes with orgies, threesome and much more 2h 27 min  720p",318133,918,230,1
"312","Puta golfa culote 7 min  720p",29306,52,18,4
"313","Give Me Your Pussy One More Time - Big Dick Beg His GF 13 mins  1080p",124763,324,122,2
"314","[MeetTheCreeper | The Changling Room Series] Ep.7 Re-Up 'She's A Whooty' (Full-Screen) 12 mins  720p",234218,385,116,1
"315","BlackValleyGirls - Peeping Tom Fucked By Cute Black Teen 10 min  720p",472492,766,237,7
"316","Susana te enseña a estimular la vagina 30 mins  720p",619743,326,153,0
"317","Latina Girl Shoves 4 Fingers in her Pussy 5 min  720p",20153,20,10,0
"318","NASTY  DANCERS IN BIKINI LATINAS MEXICANS 7 min  720p",27965,95,19,0
"319","Instrucciones para realizar el sexo anal 21 mins ",318394,357,85,3
"320","Dora colombiana dp 21 min ",38891,84,25,3
"321","Neighbor So Horny She Needs Two Dicks! 14 mins  720p",23977,63,12,2
"322","Its not her first time sex and she really enjoys it 7 min  720p",1323214,1200,457,0
"323","Angel, Janine and Kaitlyn at WebYoung 6 mins  720p",482065,553,156,4
"324","culiadita en el rio 7 min ",16050,9,8,0
"325","Ella quiere que me corra dentro de su culo 11 mins  1080p",3146158,7600,2800,80
"326","Grabo con el movil como se corre mi novia borracha 2 mins  720p",1707152,4300,977,37
"327","Blackmailing My Stripper Sister SERIES 11 mins  1080p",1264537,2800,495,24
"328","Fucking hard with the slut daughter of the neighbors 10 mins  1080p",575414,1400,355,17
"329","Hentai Pros - Woman Warrior Olivia 2 5 min  720p",1803169,2500,605,7
"330","Secretly fucked With My Girlfriend's Best Friend 2  . Link FULL : http://megaurl.link/B3gj 31 mins ",33070,46,36,0
"331","Sabrina Sabrok goddess in latex fucking 10 mins  1080p",85908,305,98,5
"332","I didn't expect so much cum for me 10 mins  1080p",600959,1400,214,11
"333","Me pego una buena meada y después tengo sexo con mi marido 32 mins  720p",338606,898,383,11
"334","what are these sexy girls names 38 min ",54110,108,42,1
"335","Flashing en cali colombia 7 min ",292967,851,252,13
"336","VRBangers.com - Sexy Teacher Romi Rain Getting Rammed By A Sexy Stud 5 min  720p",796279,2000,496,4
"337","Teen pussy is better than Viagra pill and makes older boss horny at the office 10 mins  1080p",750018,1100,511,9
"338","TRUE ANAL Angela White has her booty fucked yet again 12 mins  1080p",59035,189,43,2
"339","a mi novia le gusta en el ano - Girlssexycam.com 8 mins  720p",821676,1600,415,11
"340","Acordei com tesão ! 13 min  1080p",861471,3000,815,115
"341","Nicky Ferrari Feliz Año Nuevo con berga 16 min  1080p",146696,296,140,3
"342","hermana culona es chantajeada y follada por su hermano sub español https://ouo.io/CppC1H 10 min ",219340,690,194,0
"343","FACE SOAKED IN CUM Brutal throatfuck for asian girl in her pajamas POV 11 mins  1080p",1000157,2000,518,7
"344","The Best Blowjob by the Most Beautiful Seductive Woman and Cum for Her 11 mins  720p",302555,439,290,1
"345","Hot and naighty MILF Damaris fucking hard with younger guy 28 mins  1080p",39239,139,39,1
"346","Legal age teenager caught having sex 6 mins  720p",13666,5,7,0
"347","Busty stepmom butt plowed 6 mins  720p",14582,11,9,0
"348","Rich babes of porn licking their twats in public 6 mins  1080p",331693,362,86,1
"349","Monsters Of Cock - Erika 18 mins ",100817,67,23,0
"350","Misha Maver Huge Tits Fuck Pillow Big Booty 10 min  1080p",320433,980,147,11
"351","Lisa Culona Colombiana 30 mins ",535493,593,161,0
"352","Sexy girl with a big ass gets fucked 14 min  720p",8172355,13400,2900,84
"353","Sleeping little sister gets a secret creampie 10 mins  1080p",1699368,3800,1300,22
"354","Big Tits Blonde Cum Covered at Home Party 8 min  1080p",3343975,2400,791,12
"355","Rance capítulo 02 sub esp 31 mins  720p",172993,764,149,0
"356","Babes - Black is Better - Nat Turner and Tiffany Star - Make Her Sweat 8 mins  720p",3670428,4000,1200,34
"357","Classic porn movie 72 mins ",693536,938,559,0
"358","follando sexo anal 19 min ",24196,49,13,1
"359","Selling My Girlfriend the Cucholder Doesn't Like 40 mins  720p",68322,89,42,0
"360","Joven hermano folla con hermanastra caliente de tetas grandes 22 mins ",1232747,2600,726,14
"361","recopilacion parando el culo 12 mins  720p",32714,102,28,1
"362","OMG my wife is fucking a stranger we met on the street she invided him to fuck her pussy and shove his big black cock in her ass while i watch she wants it hardcore and loves to get fucked him him i want this too 10 mins  1080p",321775,669,360,8
"363","Mariana Fucked her friend face with a real squirting in face 2 mins  720p",2130693,2200,655,19
"364","Argenta comiendose el short 9 mins ",215553,291,67,5
"365","Rica mamada mañanera 2 mins  720p",45574,55,20,4
"366","Modelos hermosas vestidas meneando cuerpazos 7 min  720p",91472,385,45,3
"367","Todos los empleados hacen sexo en esta oficina 23 min  1080p",221544,492,166,6
"368","Axxxteca pervert teacher tricks and fucks hot brunette teen Teana Trump 10 mins  1080p",326827,805,228,5
"369","Fucking my Tinder date ( Hidden Camera ) 13 mins  1080p",442588,397,229,8
"370","Huge Tits Claudia Marie Auditions Young BBC 4 mins  720p",298376,581,232,8
"371","Busty Valentina Nappi loves anal and snatch ramming from black cock 6 min ",3606,5,4,0
"372","Hot Milf gives Handjob to young boy and rides him in bed 6 min ",60469,49,18,0
"373","big tits asian teen masturbate - myvixencam.com 13 mins  720p",2624015,3300,553,26
"374","Sexy Euro Slut Aletta Ocean Gets Banged Out By Tommy XXX 5 mins  720p",226363,168,83,2
"375","Mi casera gringa viuda me lo da por primera vez 42 secs  720p",741014,420,112,15
"376","Mira como chupa la pija esta puta 6 mins ",5047,21,0,0
"377","Assalto a casa da Suzie acaba em boquete e sexo gostoso 4 min  1080p",820014,1900,785,54
"378","Fucking My Brother 29 min  720p",492229,969,223,11
"379","el padre de mi novio me follo como un autentico macho 16 mins  720p",1190579,3700,1100,47
"380","I just wanna make you feel comfortable! - Karlee Grey, Alison Rey 6 min  720p",3412179,6600,1300,50
"381","Colombiana teniendo sexo 32 min ",409753,1400,375,12
"382","DEJA SOLA A ESPOSA CON AMIGO 5 min ",462445,979,364,21
"383","Young Petite Girl 7 min ",65039,126,21,2
"384","How to Fuck a Brazilian Model Missionary Style by Bruce Venture 14 mins  1080p",1279258,2700,813,19
"385","Orgasmica 10 mins  720p",74006,241,69,3
"386","Kanako Iioka amazing home porn in harsh scenes - More at Japanesemamas com 12 min  720p",2376474,3400,945,2
"387","Discover the world of Pussyfury - Sloppy deepthroat, anal, DP, squirt... 2 mins  720p",487465,330,107,3
"388","Public Pick Ups - Sexy Latina Loves Cash starring Levi Cash and Kitty Caprice 8 min  720p",860447,1800,301,4
"389","Alexis Texas has the biggest White Ass 5 mins  720p",1669083,2400,409,18
"390","My latina MILF stepmother calms me down with blowjob 6 mins  720p",21007,16,16,1
"391","Anal termina con un creampie 7 min  720p",5556,23,3,0
"392","coninando para un amigo 20 mins  1080p",104056,426,113,4
"393","Latina amateur masturba su rica concha en video casero 10 mins ",13633,76,10,22
"394","Fuckin' Some Dirty Ass 10 min  720p",3980281,6400,946,52
"395","Mi empleada duerme destapada con puerta abierta 3 mins  720p",15669,22,16,3
"396","En casa de Ivana- Russian girl fucks hardcore 44 mins  720p",927447,884,294,3
"397","Touching white latin real mature mom pussy in homemade amateur vid. Nextdoor Milf groped and molested while on phone, POV rubbing her clit in transparent panties. 22 mins  720p",33126,42,43,0
"398","Hot Colombian babe Veronica Leal loves DP 6 mins  1080p",46100,87,16,2
"399","18yo Amateur Brunette Teen Fucks Nerd in Homemade Video 19 mins  720p",3800,4,3,0
"400","Curvy Babe Nina Kayy Pussy Pounded By Miss Raquel's StrapOn! 10 min  1080p",1744383,3800,916,21
"401","My Wife has a Date 60 secs  1080p",503755,439,135,6
"402","MY BITCH AND ME MAKE A SEX VIDEO - pankcams.xyz 11 min ",60574,35,11,0
"403","Snapchat premium content leaked 15 mins  720p",98000,126,47,1
"404","Milf gets a face full of cum 2 mins  720p",202857,384,62,15
"405","Mouth Full Of Cum In 69 12 mins  720p",72807,87,26,1
"406","STUDENT WITH A BIG ASS HOT FUCKS THROUGH JEANS, Would you fuck her? 15 mins  1080p",1802092,6600,1500,74
"407","RoccoSiffredi Gangbang Party With Teens DP Anal & So Much Cum 7 min  1080p",726387,1300,352,13
"408","rubia follando hermosa mujer guapa besando sexo caliente 6 min  720p",115635,369,128,2
"409","Extra Thick Simone Richards only 18 years old 14 mins  1080p",2552519,8000,1900,110
"410","Vai bate, me chama de puta 5 mins ",145115,311,145,5
"411","Jake Adams wants to learn how to make it with women and Gia Vendetti is there to help him 6 min ",119332,127,22,0
"412","Slurping that Daddy Dick at the beach with Claire & Vance Black 2 mins ",687264,1300,218,31
"413","Amateur Black Girlfriend Fucks Outdoors !! 12 mins  720p",792713,1000,396,7
"414","Despues de una noche de fiesta con un hombre que conoci en un bar 5 min  720p",482549,898,275,20
"415","India Summers Gets Her Pussy Pounded Hard 25 mins  1080p",6044453,8900,2200,29
"416","The mothers I'd like to fuck Vol. 6 31 min ",1409654,1900,626,11
"417","My Teen Ass - Asian Teen Tries Anal, painful and pleasant 10 mins  1080p",404238,784,215,3
"418","chica follando con movil en mano 10 mins ",NA,772,234,2
"419","DADDY, fondle my naught ass- REAL 2002 16 mins ",11928,21,7,2
"420","Sexy girl hot tits orgasm masturbating watch more on LulaCamz.com 11 mins  1080p",93803,119,123,2
"421","Le gusta tragarse mi leche 10 mins  720p",14039,38,2,5
"422","Colombian girlfriend blowing my huge cock 2 min  1080p",187553,448,147,7
"423","esposa infiel se folla a negro enfrente de su marido 27 mins ",45971,167,62,1
"424","Skinny Indian babe Indiana Fox ass fucked for money 26 min  1080p",542204,611,228,3
"425","Visita ao medico. Injeção na bunda. 8 mins ",301028,904,299,11
"426","Nasty nurse doing cock-treatement 22 min  720p",745316,749,303,4
"427","Private Casting X - Fucking an aspiring redhead Lacy Lennon 8 mins  1080p",307835,1100,255,3
"428","Joven le rompe la vagina a su tía 8 min ",2403,2,0,0
"429","Trickery - Kali Roses gets fucked during BIrdbox challenge 10 mins  1080p",73314,172,43,0
"430","Augustina takes two loads of cum from her lucky male friends 5 min ",677081,481,206,3
"431","Shy girl Tina and her boyfriend having sex in their apartment 17 mins ",11402,11,2,0
"432","Black fat big ass shaked and fucked 29 mins  1080p",84528,133,73,1
"433","I caught my step mom drunk and I fucked her 12 min  720p",3607001,7300,4800,75
"434","ys Arrebentabuceta mei xxx 45 secs ",NA,9300,4200,67
"435","MI NOVIA CALIENTE 18 mins ",123005,372,153,2
"436","S.I.T.H.XXX AleshiaAdams HR Prev 5 min ",2451870,2500,1000,33
"437","Una bulma pervertida y golosa 12 min ",82963,289,86,3
"438","convence a su madrastra para follar 10 mins  1080p",513001,1100,438,10
"439","Female Fake Taxi Brunette cabbie fucked doggy style in car trunk 14 mins  720p",2031295,2000,720,15
"440","Big Tits Fuck - Part 2 Watch on xofeed.com 9 min  720p",32839,50,21,1
"441","Two Latinas Give Sloppy Blowjobs 7 min  720p",23550,41,7,0
"442","Horny mom dance naked and son bang her hard 22 mins ",1013233,2400,797,14
"443","A mi prima le encanta que le follen su gran culo a 4 patas 10 min  720p",474241,1700,318,45
"444","Grande sessione bagnata di squirting in un parco pubblico: un vibratore alla massima potenza mi farà venire più volte 14 mins  720p",590489,1300,603,12
"445","Rammed - Jasmine Jae RAW Double Penetration sex 10 mins  1080p",299472,676,174,6
"446","[Tortas&Sodomy] I Want To Fuck You Like They Do In The Movies 4 mins ",1180958,3000,1600,76
"447","Hot hairy babes try licking and rimming in orgy 6 mins  720p",1661124,1400,439,3
"448","Innocent looking chick fucked in the mouth and pussy 6 mins  720p",9745,14,10,0
"449","NO HAY  NADA  EN LA TV , ASI  QUE  ME COJI  AL PLOMERO  Y AL AMIGO  DE MI MARIDO FLOR  DE COJIDA  HICIMOS 14 mins  1080p",145576,209,95,1
"450","RealityKings - 8th Street Latinas - (Austin Cole Sarai) - Sexy Sarai 8 min  720p",271815,472,96,4
"451","Strapon Latinas Angelina Castro & Miss Raquel Pussy Fuck! 7 mins  1080p",42737,126,28,2
"452","Little teen bitch compilation 5 mins  720p",61041,72,28,1
"453","Rio Teen Hookers 2 12 min ",1044633,1000,419,10
"454","Anal Limo Ride 34 min  720p",964718,899,312,11
"455","Nicole gets dominated by a big cock stud then gets creampied 8 mins  1080p",248288,637,149,4
"456","AdalynnX - Fisty The Weather Lady 6 mins  1080p",353346,437,104,8
"457","Mi ex con su culito 1h 30 min ",7502,11,45,0
"458","sexo gostoso 2 h 15 mins ",67108,213,33,11
"459","A sexy bbw I met on Fatfucksa.com squirting 14 min  720p",8383,24,2,0
"460","hermosa veterana 10 min ",1233316,5600,996,25
"461","Este video con el empleado de mi novio que estaba celoso de este morocho 6 mins ",435088,705,323,10
"462","Comendo irmã no banheiro - DESTRUIDOR DE EJACULAÇÃO PRECOCE ACESSE -->> bit.ly/vocedecidequandoparar 18 mins ",153635,493,132,3
"463","Hot Morning Sex with Lena Paul and Lucas Frost 12 mins  1080p",2711808,6100,1400,41
"464","Brazzers - Milfs Like it Big - McKenzie Lee and Xander Corvus - Yoga Freaks Episode Five 8 mins  720p",4415775,3400,1300,5
"465","Hard Anal para una adolescente caliente mientras ella pide más !! 11 mins ",528381,994,202,8
"466","the store dressing room has a hidden video camera. What a shame! 10 mins  1080p",603867,1100,656,11
"467","Hot Milf Bends Over For Her Stepson - Lisa Ann 13 min  1080p",583991,1300,277,3
"468","Super Hot Cougar MILF's Kitchen Suck and Fuck 7 mins ",12551,21,7,0
"469","Culona enseña toda la raya 5 mins  720p",30312,134,30,1
"470","ExxxtraSmall - Fucking Her Dad’s Employee 10 min  720p",118169,358,84,2
"471","Roadside - Latina titti fucks to get her car back on the road 10 min  1080p",469656,1300,409,5
"472","THE REMEMBERING - VR orgy with Tina Kay, Blanche Bradburry, Silvia Dellai, Jarushka Ross, Daisy Lee 8 mins  1080p",52346,108,24,1
"473","Madura latina 6 min  720p",81805,334,44,6
"474","Big Titty Boss lady Emma Butt showing Expert Blowjob Skills 22 min  1080p",745354,1100,276,3
"475","Fingering Some Pussy! 33 mins  720p",178461,340,104,1
"476","colegiala Neiva masturbandose | BellasColegialas.info 3 min  720p",579606,452,159,5
"477","Se cogen a mi esposa en cabinas 53 secs  1080p",248089,262,61,14
"478","besando culo anal chicona soltera 12 min  720p",13404,34,14,0
"479","Suzie Slut em GangBang - Izabel Payva 40 mins ",159409,460,171,7
"480","Liso, fino y blanco 53 min ",65995,72,33,3
"481","Fine ass latina housekeeper has hardcore lovemaking session 5 mins  1080p",3294,6,5,0
"482","Ciuccia balls gets excited while studying and takes it in the mouth and in the ass from the brother 26 mins  720p",82335,121,69,0
"483","Anal squirt 4 min  1080p",45745,69,27,8
"484","Dos lebianas muy calientes 6 mins ",7513,7,6,0
"485","Demi Sutra's juicy ass slaps up and down cock fucking it raw in a gang bang 7 min  720p",106915,232,74,2
"486","Brittany Taylor Sex 5 mins ",495125,381,156,2
"487","La ayuda a mi madre con su bronceado y me devuelve el favor. Video completo --- http://uii.io/n6T4cM 8 mins  720p",186885,295,139,1
"488","Busty latina suspect gets fucked by a nasty LP officer 6 mins  720p",96663,203,75,3
"489","Ultra Hot & Busty Secretary in Glasses Rides a Hard Dick 21 min  1080p",9161780,13900,3600,38
"490","Deepthroat wild cum  face 10 mins ",115416,183,125,3
"491","NYMPHO Evelin Stone stretched out by a thick dick 12 mins  1080p",778517,1500,314,13
"492","Brother and Sister Share a Bed - Gia Love 11 min  1080p",3807888,4600,1700,28
"493","DON'T FUCK MY DAUGHTER - Latin Teen Victoria Valencia Fucks Daddy's Employee 12 mins  1080p",220394,686,202,1
"494","Old granny fucks the young mechanic - Lusty Grandmas 6 mins  720p",6980145,4900,2800,72
"495","PAWG Lexxxi Lockhart Takes Big Black Cock in Her Ass 5 mins  720p",1374913,2400,588,17
"496","Me dió prueba de amor por el culo 10 mins  720p",730409,1600,627,39
"497","64579912313 6 min ",1122653,1500,315,13
"498","Skinny teen with nice tiny butt 4 min  1080p",220316,619,132,3
"499","Black African Voodoo Witch anal fucking and squirting like a whore 30 mins  1080p",566592,1100,372,3
"500","companera mujer mamada guapa 37 min  720p",9284,24,9,0
"501","Sophie Petite falda negra follando para quitarse el frió y termina desnuda y squirteando sorprendente jamas había visto algo así 17 min  720p",103681,404,135,4
"502","Nicky Ferrari Hand Wash Car VIP 11 min  1080p",110453,329,103,3
"503","MS BEA HAVIN 4 CUSTOM VIDEO PREVIEW ( Call or text Mr Thugnasty 707-515-0910 for booking info ) 6 mins ",353390,539,173,11
"504","Brunette with big tits gives a handjob 9 mins ",4571503,5000,1200,38
"505","Tattooed babe Anisyia in sexy lingerie masturbates with dildo 5 mins  1080p",203710,436,49,7
"506","Valentina te muestra trucos para masturbarte 24 mins ",626472,723,272,7
"507","Latina Babe Doggystyle 5 mins  720p",44170,53,19,2
"508","not anal please 28 min ",1462951,1600,519,21
"509","School GF Zoey Screwing 5 min ",NA,221,29,2
"510","Sicilian wives, whores, ugly and fat betray husbands 16 min  1080p",162691,262,84,5
"511","Big Booty Latina Goddess Luscious Lopez Anally Plowed by BBC 8 min  720p",28171,121,13,2
"512","Abella Danger nude expose 8 mins  720p",11144,27,4,0
"513","Hard anal casting pretty black slut in stocking facialized 34 mins  720p",2414691,2600,779,29
"514","Milf cops take bike rider to their private spot for a hard coochie banging 5 mins  720p",47467,61,42,0
"515","coleccion de mamadas y corridas  amateurs #1 41 min  720p",325974,841,267,6
"516","PURGATORYX Fucking a hot MILF and her tiny stepdaughter 12 mins  1080p",1028229,2800,750,17
"517","Jules Jordan - Lana Rhoades Interracial Anal, She Has Her Anal Cavity Explored By Dredd 12 mins  1080p",1692525,2800,1200,29
"518","Schoolgirl Cumming on her Boyfriend lap 13 min  720p",1155207,1500,789,27
"519","Axxxteca Cuban Cuban wife is ofered by her husband to get her big ass fucked by other dude Spiff and Cristal Caraballo 2 min  1080p",143275,293,93,3
"520","Naughty schoolgirl gets her tight ass fucked hard, facial cumshot 15 mins  720p",423088,1300,292,8
"521","A new sensation young girl with big beautiful and natural boobs gets a messy facial cumshot from an old man after she rides his cock gets super deep pussy fucked and gives him a nice deepthroat blowjob 10 min  1080p",319282,711,347,14
"522","English cfnm nurses tugging and sucking sub 6 min  720p",2173834,1800,737,19
"523","Alexis Crystal - Cosplay sex with butt plug tail 6 mins ",91140,164,23,1
"524","Mindi Mink would do anything for her stepdaughter 12 min  1080p",448680,1200,326,7
"525","Prison 4 19 min  720p",61811,149,42,3
"526","Busty natural is bewitched and forced to make scissors - SexAndPerversion.com 6 mins ",568772,1300,426,6
"527","Beurette enculée sous la douche. 12 mins  720p",1125510,2000,525,8
"528","Caught on CCTV! Wife sucks off cop to get her husband off 5 mins  720p",304335,493,164,3
"529","A las buenas gitanas nos encanta abrirnos así de piernas para que nos follen bien 16 min  720p",206862,252,116,9
"530","Name of the girl, plz! :) 1h 52 min ",1467408,2500,454,37
"531","Teen Amateur Homemade Lesbians 12 min ",353894,638,90,5
"532","Mason Moore has to pay the price for trying to disobey Officer Lawrence. And boy, does she pay! 12 min  1080p",116978,219,55,2
"533","MOVIEPORN - IT is here 10 mins  1080p",298806,504,192,5
"534","pareja de jovenes 100% mega infieles 10 min ",828990,480,208,3
"535","Masturbation with intense orgasm 3 mins ",173622,255,43,7
"536","Hot european amateur nudists in this voyeur compilation 15 mins  1080p",68959,38,32,0
"537","Busty babe fucked by dildo machine close up 10 min  720p",380567,598,112,3
"538","Darlin Davne. Culiando, chupando y masturbandome como la putita que soy. 24 mins  720p",12944,36,18,2
"539","Asian STUNNER begs him to STOP.. multiple SQUIRTS all over hotel room! Real amateur oil massage (in SINGAPORE) 55 mins  1080p",555373,954,395,13
"540","Se queda dormida después de la fiesta y aprovecho a darle POR EL CULO #Anal 10 mins  720p",325339,746,437,2
