"","LINKS","TITULO","TIPO","VISITAS","ME_GUSTA","NO_ME_GUSTA"
"1","http://www.xvideos.com/video42240727/insane_loud_blonde_gets_pussy_stretched_and_destroyed_by_monster_bbc","Insane Loud Blonde Gets Pussy Stretched And Destroyed by Monster BBC","6","1300000","80","29"
"2","http://www.xvideos.com/video33521493/huge_cocks_compilation_-_monstercockstuds.com","Huge Cocks Compilation - MONSTERCOCKSTUDS.COM","6","1300000","7800","2700"
"3","http://www.xvideos.com/video20120411/black_cock_loving_slut_25","Black Cock Loving Slut 25","6","1200000","2300","1200"
"4","http://www.xvideos.com/video23262847/tiny_babe_elsa_jean_gets_her_pussy_juices_flowing","Tiny Babe Elsa Jean gets Her Pussy  Juices Flowing","6","525200","80","29"
"5","http://www.xvideos.com/video7304565/big_dick","big dick","6","226300","2000","1400"
"6","http://www.xvideos.com/video29609903/19_yr_old_teen_girls_big_cock_reactions-more_at_teencockshock.blogspot.com","19 yr old teen girls big cock reactions-more at teencockshock.blogspot.com","6","1400000","1000","243"
"7","http://www.xvideos.com/video28093083/bangbros_big_booty_masseuse_skyler_luv_wrecked_by_black_dick_mc13938_","BANGBROS Big Booty Masseuse Skyler Luv Wrecked By Black Dick (mc13938)","6","170400","51100","19700"
"8","http://www.xvideos.com/video15403507/beautiful_mom_with_puffy_pussy_fuck_a_black_dick_14","Beautiful mom with puffy pussy fuck a black dick 14","6","1600000","1100","655"
"9","http://www.xvideos.com/video34167809/18_year_old_gets_monster_black_dick","18 year old gets monster black dick","6","1600000","21500","8800"
"10","http://www.xvideos.com/video24377577/big_mamba_hard_dick_stud_nailed_on_cam_teen_horny_girl_anya_olsen_and_kennedy_jax_","Big Mamba Hard Dick Stud Nailed On Cam Teen Horny Girl (Anya Olsen & Kennedy Jax)","6","28600","1500","351"
"11","http://www.xvideos.com/video39124030/friend_wife_sucking_my_dick_until_i_bust_all_over_her_face","Friend wife sucking my dick until I bust all over her face","6","3300000","68","23"
"12","http://www.xvideos.com/video30782509/mia_khalifa_-_busty_arab_beauty_tries_a_big_black_dick_and_likes_it","MIA KHALIFA - Busty Arab Beauty Tries A Big Black Dick And Likes It","6","202000","19300","7800"
"13","http://www.xvideos.com/video38260647/chick_marley_brinx_gets_her_pussy_demolished","Chick Marley Brinx Gets Her Pussy Demolished","6","0","22","7"
"14","http://www.xvideos.com/video20172253/can_she_take_it_03","Can She Take it 03","6","0","252","123"
"15","http://www.xvideos.com/video13835385/michelle_taylor_fucks_a_huge_dong","Michelle Taylor fucks a huge dong","6","0","724","234"
"16","http://www.xvideos.com/video40867393/bangbros_-_big_dick_stud_vlad_impales_kiki_star_with_his_monster_cock","BANGBROS - Big Dick Stud Vlad Impales Kiki Star With His Monster Cock","6","405100","1700","646"
"17","http://www.xvideos.com/video27185723/pretty_rocker_chick_felicity_feline_abused_by_a_big_black_dick","Pretty Rocker Chick Felicity Feline Abused By a Big Black Dick","6","2300000","2600","619"
"18","http://www.xvideos.com/video29460729/big_dick_fucking_ass","big dick fucking ass","6","1100000","655","190"
"19","http://www.xvideos.com/video37941307/sucking_a_monstercock","Sucking a monstercock","6","1100000","398","118"
"20","http://www.xvideos.com/video25625231/prison_nurse_helps_big_dick_inmate_out_with_his_huge_boner","Prison nurse helps big dick inmate out with his huge boner","6","205300","2100","946"
"21","http://www.xvideos.com/video4900198/gorgeous_blonde_babe_emily_austin_fucked_by_a_enormous_black_cock","Gorgeous Blonde Babe Emily Austin Fucked by a Enormous Black Cock","6","628200","917","389"
"22","http://www.xvideos.com/video7937722/bbc_perfection_a_porn_music_compilation","BBC Perfection: A Porn Music Compilation","6","2100000","1100","263"
"23","http://www.xvideos.com/video28959365/blondes_bitches_prefer_black_cocks_13","Blondes bitches prefer black cocks # 13","6","530200","64","31"
"24","http://www.xvideos.com/video9619540/wonderful_big_dick_xvideo","Wonderful Big Dick Xvideo","6","2700000","10600","4700"
"25","http://www.xvideos.com/video43418511/thephatness.com_queen_skully","THEPHATNESS.COM QUEEN SKULLY","6","487","413","107"
"26","http://www.xvideos.com/video22343769/phat_ass_bouncin_n_squirtin_on_daddy_dick","Phat ass bouncin n squirtin on daddy dick","6","16100","465","98"
"27","http://www.xvideos.com/video35415223/slow_and_deep","Slow & Deep","6","49900","85","12"
