"","LINKS","TITULO","DURACION","VISITAS","ME_GUSTA","NO_ME_GUSTA"
"1","http://www.xvideos.com/video42600697/quick_creampie_inside_tight_teen_pussy_pov","Quick creampie inside tight teen pussy POV","3 mins","2e+06","4300","851"
"2","http://www.xvideos.com/video40234009/the_great_vegas_orgy_of_2018","The Great  Vegas Orgy of 2018","10 mins","902800","1100","346"
"3","http://www.xvideos.com/video44191865/young_fashion_model_chick_gets_fucked_hard_by_a_cop","Young fashion model chick gets fucked hard by a cop","6 mins","25800","37","14"
"4","http://www.xvideos.com/video29647441/una_mamada_para_concentrarse_mas_en_https_goo.gl_qod7fe","Una Mamada Para Concentrarse, mas en https://goo.gl/Qod7fE","6 mins","647200","4300","851"
"5","http://www.xvideos.com/video44035299/ojitos_azules_y_tetona_aceitada","ojitos azules y tetona aceitada","10 mins","36900","64","25"
"6","http://www.xvideos.com/video36716299/busty_teen_gets_creampie","Busty teen gets creampie","6 mins","5900000","7000","3400"
"7","http://www.xvideos.com/video41224755/ffm_blowjob_-_these_two_teens_from_blacklaid.com_love_sharing_my_dick_-_pov","FFM Blowjob - These Two Teens from Blacklaid.com Love Sharing My Dick :) - POV","11 mins","280200","730","102"
"8","http://www.xvideos.com/video44223117/latina_garage_gangbang","Latina Garage Gangbang","2 mins","140700","513","79"
"9","http://www.xvideos.com/video6321375/viviana_loves_to_get_fucked","Viviana loves to get fucked","13 mins","978200","802","125"
"10","http://www.xvideos.com/video43955519/kendra_lust_fucks_and_swallows_massive_load","KENDRA LUST FUCKS AND SWALLOWS MASSIVE LOAD","26 mins","191400","762","93"
"11","http://www.xvideos.com/video36031179/horny_teen_fucks_neighbor_and_suck_his_cock_","Horny Teen Fucks Neighbor and Suck his Cock!","12 mins","636800","1500","262"
"12","http://www.xvideos.com/video38456739/transformamos_a_la_mucama_en_prostituta_y_la_seguimos_cojiendo_duro_parte_2","TRANSFORMAMOS  A LA MUCAMA  EN PROSTITUTA  Y LA SEGUIMOS  COJIENDO  DURO  PARTE 2","13 mins","140100","219","133"
"13","http://www.xvideos.com/video43924165/wife_caught_masturbating_by_delivery_guy","Wife caught masturbating by delivery guy","10 mins","36300","108","42"
"14","http://www.xvideos.com/video43244977/cogiendo_a_mi_novia_de_prepa","Cogiendo a mi novia de prepa","4 mins","100500","306","51"
"15","http://www.xvideos.com/video44037719/hidden_camera_in_the_public_shower","Hidden camera in the public shower","15 mins","153200","104","91"
"16","http://www.xvideos.com/video43358641/teneis_que_ver_como_me_follo_el_culo_grande_de_mi_mujer_ouset","Tenéis que ver cómo me follo el culo grande de mi mujer OUSET","10 mins","87700","236","47"
"17","http://www.xvideos.com/video41023483/_meetthecreeper_the_changling_room_series_ep.7_re-up_she_s_a_whooty_full-screen_","[MeetTheCreeper | The Changling Room Series] Ep.7 Re-Up 'She's A Whooty' (Full-Screen)","12 mins","231100","379","114"
"18","http://www.xvideos.com/video41702851/blackvalleygirls_-_peeping_tom_fucked_by_cute_black_teen","BlackValleyGirls - Peeping Tom Fucked By Cute Black Teen","10 mins","454700","752","231"
"19","http://www.xvideos.com/video39548465/step_daughter_fucked","Step daughter fucked","15 mins","1300000","1600","737"
"20","http://www.xvideos.com/video32187683/morena_gostosa_brincando_com_a_buceta","Morena Gostosa Brincando com a Buceta","7 mins","227500","733","158"
"21","http://www.xvideos.com/video44273245/18yo_asian_teen_hottie_moans_loudly_while_getting_fucked_hard_by_sex_tourist","18yo Asian teen hottie moans loudly while getting fucked hard by sex tourist","14 mins","18900","30","2"
"22","http://www.xvideos.com/video44133391/latina_guapa_se_folla_al_plomero_parte_3","Latina guapa se folla al plomero parte 3","14 mins","5000","22","4"
"23","http://www.xvideos.com/video25531989/big_tit_cuban_angelina_castro_fingers_her_wet_pussy_","Big Tit Cuban Angelina Castro Fingers Her Wet Pussy!","8 mins","621900","942","265"
"24","http://www.xvideos.com/video43977637/nasty_dancers_in_bikini_latinas_mexicans","NASTY  DANCERS IN BIKINI LATINAS MEXICANS","7 mins","24500","91","16"
"25","http://www.xvideos.com/video22961705/instrucciones_para_realizar_el_sexo_anal","Instrucciones para realizar el sexo anal","21 mins","316700","349","84"
"26","http://www.xvideos.com/video44066925/THUMBNUM/tania_alexandra","Tania Alexandra","23 mins","6500","32","2"
"27","http://www.xvideos.com/video31780725/THUMBNUM/culiadita_en_el_rio","culiadita en el rio","7 mins","15100","8","8"
